{
  "0-ball": [
    {
      "goal_time": {
        "time": 15.5,
        "x_inter": 18.50090789794922,
        "y_inter": -229.38719177246097
      },
      "read_time": {
        "time": 15.008000373840332,
        "x": 18.556459426879883,
        "y": -229.3036651611328
      }
    },
    {
      "goal_time": {
        "time": 3.5,
        "x_inter": 9.570915222167969,
        "y_inter": -145.84962463378906
      },
      "read_time": {
        "time": 3.007999897003174,
        "x": -1.1486358642578125,
        "y": -127.38933563232422
      }
    },
    {
      "goal_time": {
        "time": 3.200000047683716,
        "x_inter": 2.8148956298828125,
        "y_inter": -134.21499633789062
      },
      "read_time": {
        "time": 3.007999897003174,
        "x": -1.1486358642578125,
        "y": -127.38933563232422
      }
    }
  ]
}